{
    "transform": [
        [
            0.8483819961547852,
            -0.5206058621406555,
            -0.09600836038589478,
            -0.06736958026885986
        ],
        [
            -0.09600836038589478,
            -0.3296607434749603,
            0.9392051100730896,
            -0.42412206530570984
        ],
        [
            -0.5206058621406555,
            -0.78758704662323,
            -0.3296607434749603,
            -0.1634136140346527
        ]
    ],
    "scale": 0.12858109488462138
}